,City,Country,Lat,Lng,Max Temp,Humidity,Cloudiness,Wind Speed,Description
0,Kondinskoye,RU,59.6481,67.41,-4.67,93,80,5.75,broken clouds
1,Mataura,NZ,-46.1927,168.8643,59.49,62,100,6.78,light rain
2,Walvis Bay,NA,-22.9575,14.5053,62.1,83,59,8.84,broken clouds
3,Bethel,US,41.3712,-73.414,39.94,71,20,0.0,few clouds
4,Bunia,CD,1.5667,30.25,62.71,88,100,1.86,light rain
5,Cape Town,ZA,-33.9258,18.4232,64.11,87,75,6.91,broken clouds
6,Yellowknife,CA,62.456,-114.3525,-19.68,76,40,6.91,scattered clouds
7,Khatanga,RU,71.9667,102.5,-9.58,91,74,6.51,broken clouds
8,Kolvereid,NO,64.8655,11.6047,38.43,74,100,9.04,overcast clouds
9,Jand,PK,33.4299,72.0193,59.38,37,4,2.59,clear sky
10,Puerto Ayora,EC,-0.7393,-90.3518,78.76,86,55,5.99,broken clouds
11,Rawson,AR,-43.3002,-65.1023,57.49,67,20,25.32,few clouds
12,Ushuaia,AR,-54.8,-68.3,46.06,66,75,18.41,broken clouds
13,Katangli,RU,51.7102,143.2326,14.47,89,100,23.62,overcast clouds
14,Oga,IT,46.4631,10.347,28.94,98,99,2.86,overcast clouds
15,Teya,RU,60.3778,92.6267,-18.06,99,98,2.75,overcast clouds
16,Geraldton,AU,-28.7667,114.6,70.21,83,100,9.22,light rain
17,Bandarban,BD,22.1965,92.2262,70.43,99,30,1.81,scattered clouds
18,Nanortalik,GL,60.1432,-45.2371,31.96,87,100,12.3,overcast clouds
19,Torbay,CA,47.6666,-52.7314,31.75,73,75,25.32,light snow
20,Ilinskiy,RU,55.619,38.1182,10.78,92,0,2.24,clear sky
21,Ouadda,CF,8.0777,22.4007,78.76,32,100,1.68,overcast clouds
22,Hithadhoo,MV,-0.6,73.0833,81.18,74,99,7.78,overcast clouds
23,Belyy Yar,RU,53.6039,91.3903,-12.14,73,32,4.47,smoke
24,Arraial Do Cabo,BR,-22.9661,-42.0278,73.26,88,75,14.97,broken clouds
25,San Patricio,US,28.017,-97.5169,87.89,57,65,7.78,broken clouds
26,Flinders,AU,-34.5833,150.8552,69.19,69,16,5.99,few clouds
27,Kalnciems,LV,56.8011,23.6097,33.85,96,85,4.43,overcast clouds
28,Alofi,NU,-19.0595,-169.9187,82.29,74,75,11.5,broken clouds
29,Kaitangata,NZ,-46.2817,169.8464,54.82,93,100,7.78,overcast clouds
30,Krasnoselkup,RU,65.7,82.4667,-7.73,100,77,5.23,broken clouds
31,Kapaa,US,22.0752,-159.319,82.72,79,75,10.36,broken clouds
32,Kigoma,TZ,-4.8769,29.6267,72.72,82,100,3.24,overcast clouds
33,Sao Filipe,CV,14.8961,-24.4956,75.83,65,1,7.92,clear sky
34,Ribeira Grande,PT,38.5167,-28.7,62.78,89,77,5.99,broken clouds
35,Mineiros,BR,-17.5694,-52.5511,80.87,32,71,1.63,broken clouds
36,Axim,GH,4.8699,-2.2405,79.07,80,64,5.5,broken clouds
37,Moreno Valley,US,33.9375,-117.2306,65.8,50,0,4.61,clear sky
38,Thompson,CA,55.7435,-97.8558,5.52,93,100,15.46,light snow
39,Letterkenny,IE,54.95,-7.7333,42.28,90,100,7.81,overcast clouds
40,Suntar,RU,62.1444,117.6319,-18.24,95,100,7.05,overcast clouds
41,Provideniya,RU,64.3833,-173.3,33.91,93,100,13.42,mist
42,Metro,ID,-5.1131,105.3067,72.68,87,89,6.53,overcast clouds
43,Mahebourg,MU,-20.4081,57.7,72.25,78,56,9.6,broken clouds
44,Bredasdorp,ZA,-34.5322,20.0403,64.89,77,6,4.74,clear sky
45,Mahon,ES,39.8885,4.2658,54.16,58,20,17.27,few clouds
46,Albany,US,42.6001,-73.9662,36.63,69,96,3.09,overcast clouds
47,Sinnamary,GF,5.3833,-52.95,76.98,88,57,9.33,broken clouds
48,Aklavik,CA,68.2191,-135.0107,-16.38,85,93,3.94,overcast clouds
49,Nizhniy Tsasuchey,RU,50.5167,115.1333,-9.27,79,18,11.56,few clouds
50,Dikson,RU,73.5069,80.5464,9.45,97,100,7.27,overcast clouds
51,Rikitea,PF,-23.1203,-134.9692,72.34,74,88,16.75,overcast clouds
52,Hamilton,US,39.1834,-84.5333,60.44,66,75,16.11,broken clouds
53,Hermanus,ZA,-34.4187,19.2345,59.81,89,15,4.68,few clouds
54,Pirmasens,DE,49.2015,7.6053,43.92,95,100,3.42,overcast clouds
55,Punta Arenas,CL,-53.15,-70.9167,48.31,57,75,21.85,broken clouds
56,Parnarama,BR,-5.6817,-43.0933,74.66,75,98,2.42,overcast clouds
57,Hilo,US,19.7297,-155.09,82.13,81,75,11.5,broken clouds
58,Nelson Bay,AU,-32.7167,152.15,71.1,58,0,3.0,clear sky
59,Klaksvik,FO,62.2266,-6.589,41.92,79,100,9.86,overcast clouds
60,Pueblo Nuevo,MX,23.3833,-105.3833,66.96,33,40,6.26,scattered clouds
61,Pontes E Lacerda,BR,-15.2261,-59.3353,88.2,39,40,8.63,scattered clouds
62,Kodiak,US,57.79,-152.4072,29.32,67,18,9.55,few clouds
63,Alexandria,EG,31.2156,29.9553,66.29,65,3,6.17,clear sky
64,Chokurdakh,RU,70.6333,147.9167,-11.31,98,100,8.75,light snow
65,Poum,NC,-20.2333,164.0167,81.93,79,73,10.18,broken clouds
66,Tabou,CI,4.423,-7.3528,77.79,83,39,3.62,scattered clouds
67,Georgetown,MY,5.4112,100.3354,79.23,89,20,2.3,few clouds
68,Busselton,AU,-33.65,115.3333,70.59,47,83,15.46,broken clouds
69,Yinchuan,CN,38.4681,106.2731,8.15,20,3,4.45,clear sky
70,Ahuimanu,US,21.4447,-157.8378,84.16,66,20,9.22,few clouds
71,Bud,US,39.447,-86.1758,59.86,76,20,18.97,few clouds
72,Mehamn,NO,71.0357,27.8492,35.55,93,75,12.66,broken clouds
73,Narva-Joesuu,EE,59.4589,28.0408,28.69,95,100,9.37,light snow
74,Coahuayana,MX,18.7333,-103.6833,85.14,55,50,5.3,scattered clouds
75,Mar Del Plata,AR,-38.0023,-57.5575,69.1,94,75,19.57,light rain
76,Bambous Virieux,MU,-20.3428,57.7575,72.21,77,54,9.73,broken clouds
77,Hobart,AU,-42.8794,147.3294,64.26,57,40,16.11,scattered clouds
78,Bronnoysund,NO,65.4625,12.1997,41.0,60,0,13.0,clear sky
79,Severo-Kurilsk,RU,50.6789,156.125,39.76,97,100,20.76,light rain
80,Nemuro,JP,43.3236,145.575,39.49,76,100,19.22,overcast clouds
81,Port Alfred,ZA,-33.5906,26.891,70.99,84,65,16.4,broken clouds
82,Bluff,NZ,-46.6,168.3333,59.81,71,100,9.51,overcast clouds
83,Adrar,MR,20.5022,-10.0711,65.93,19,0,10.07,clear sky
84,Barra Patuca,HN,15.8,-84.2833,80.19,79,7,9.31,light rain
85,Mount Gambier,AU,-37.8333,140.7667,58.23,65,77,5.23,broken clouds
86,Barrow,US,71.2906,-156.7887,-0.38,78,0,14.97,clear sky
87,Luderitz,NA,-26.6481,15.1594,61.83,86,21,7.31,few clouds
88,Gat,IL,31.61,34.7642,61.48,100,4,5.5,clear sky
89,Ambon,ID,-3.6954,128.1814,78.94,15,40,4.61,scattered clouds
90,Butaritari,KI,3.0707,172.7902,80.85,76,47,9.89,light rain
91,Rwamagana,RW,-1.9487,30.4347,63.84,95,100,1.86,light rain
92,Samus,RU,56.7475,84.6992,-8.68,98,65,2.86,broken clouds
93,Santa Isabel Do Rio Negro,BR,-0.4139,-65.0192,80.37,75,99,2.21,overcast clouds
94,Baker City,US,44.7749,-117.8344,28.58,82,75,0.0,broken clouds
95,Husavik,IS,66.0449,-17.3389,34.02,78,48,15.43,scattered clouds
96,Atuona,PF,-9.8,-139.0333,77.74,72,23,15.21,few clouds
97,Skibbereen,IE,51.55,-9.2667,51.12,95,100,17.81,overcast clouds
98,Te Anau,NZ,-45.4167,167.7167,56.8,70,99,1.77,overcast clouds
99,Tuktoyaktuk,CA,69.4541,-133.0374,1.4,85,100,13.8,light snow
100,Pundaguitan,PH,6.3711,126.1689,80.91,78,99,7.34,overcast clouds
101,Killam,CA,52.7834,-111.8518,6.98,95,100,7.49,overcast clouds
102,Rio Gallegos,AR,-51.6226,-69.2181,55.45,30,20,34.52,few clouds
103,Upernavik,GL,72.7868,-56.1549,4.42,94,100,14.47,overcast clouds
104,Chornobay,UA,49.6708,32.3239,32.18,57,100,12.48,overcast clouds
105,Broome,US,42.2506,-75.833,40.53,76,40,6.91,scattered clouds
106,Banda Aceh,ID,5.5577,95.3222,77.05,82,100,6.53,overcast clouds
107,Halifax,CA,44.6453,-63.5724,30.51,73,18,5.01,few clouds
108,New Norfolk,AU,-42.7826,147.0587,63.91,59,74,5.99,broken clouds
109,Jamestown,US,42.097,-79.2353,45.01,82,20,9.22,few clouds
110,Vila,PT,42.0304,-8.1588,41.88,92,82,3.8,broken clouds
111,Alice Springs,AU,-23.7,133.8833,62.15,55,0,0.0,clear sky
112,Kismayo,SO,-0.3582,42.5454,79.32,80,62,11.14,broken clouds
113,Tasiilaq,GL,65.6145,-37.6368,35.76,92,100,38.48,moderate rain
114,Chuy,UY,-33.6971,-53.4616,69.22,77,6,13.06,clear sky
115,Odienne,CI,9.51,-7.5692,75.67,38,25,1.03,scattered clouds
116,Mildura,AU,-34.2,142.15,63.07,68,47,9.82,scattered clouds
117,Avarua,CK,-21.2078,-159.775,80.65,74,20,14.97,few clouds
118,Saskylakh,RU,71.9167,114.0833,-31.05,100,90,6.13,overcast clouds
119,Cap Malheureux,MU,-19.9842,57.6142,72.46,75,30,3.0,scattered clouds
120,Longyearbyen,SJ,78.2186,15.6401,40.84,81,75,6.91,light rain
121,Smithers,CA,54.7804,-127.1743,9.5,78,100,6.62,overcast clouds
122,Nabire,ID,-3.3667,135.4833,75.74,92,100,1.68,overcast clouds
123,Palmetto,US,27.5214,-82.5723,82.02,52,0,9.22,clear sky
124,Tornio,FI,65.8481,24.1466,30.22,94,100,10.42,light snow
125,Nome,US,64.5011,-165.4064,15.87,74,100,11.5,overcast clouds
126,Ravar,IR,31.2656,56.8055,54.1,42,93,1.7,overcast clouds
127,Alpinopolis,BR,-20.8636,-46.3881,61.75,90,96,4.34,overcast clouds
128,Teguise,ES,29.0605,-13.564,62.82,68,20,6.91,few clouds
129,Bengkulu,ID,-3.8004,102.2655,75.36,91,100,2.95,overcast clouds
130,Kandrian,PG,-6.2167,149.55,83.32,74,56,6.71,broken clouds
131,Opochka,RU,56.7105,28.6617,26.55,95,100,5.59,overcast clouds
132,Nikolskoye,RU,59.7035,30.7861,26.8,94,100,4.74,overcast clouds
133,Miri,MY,4.4148,114.0089,76.44,92,91,4.61,overcast clouds
134,Antsohihy,MG,-14.8796,47.9875,75.06,88,11,0.47,light rain
135,Sembakung,ID,3.8167,117.25,73.22,99,88,2.28,overcast clouds
136,Marmaris,TR,36.855,28.2742,64.11,74,32,5.28,scattered clouds
137,Sisimiut,GL,66.9395,-53.6735,18.3,89,90,13.91,overcast clouds
138,East London,ZA,-33.0153,27.9116,70.9,81,34,20.4,scattered clouds
139,Swiecie,PL,53.4095,18.4474,34.81,80,11,1.01,few clouds
140,Sitka,US,57.0531,-135.33,24.69,39,20,8.05,few clouds
141,Katsuura,JP,35.1333,140.3,67.5,87,82,10.92,broken clouds
142,Sur,OM,22.5667,59.5289,74.75,56,0,3.47,clear sky
143,Saryagash,KZ,41.4511,69.1701,46.36,81,100,0.98,overcast clouds
144,San Jose,US,37.3394,-121.895,61.54,40,20,5.99,few clouds
145,Kununurra,AU,-15.7667,128.7333,78.78,94,98,0.0,overcast clouds
146,Shelburne,CA,44.0787,-80.2041,35.91,88,100,12.64,overcast clouds
147,Kirakira,SB,-10.4544,161.9205,84.09,71,91,3.87,overcast clouds
148,Pevek,RU,69.7008,170.3133,8.13,96,99,5.86,overcast clouds
149,Vaini,TO,-21.2,-175.2,82.56,69,20,17.27,few clouds
150,Dingle,PH,10.9995,122.6711,75.51,93,30,7.72,scattered clouds
151,Deputatskiy,RU,69.3,139.9,-18.38,98,100,2.33,overcast clouds
152,Padang,ID,-0.9492,100.3543,76.37,87,91,2.64,overcast clouds
153,Mount Pleasant,US,32.7941,-79.8626,69.1,80,0,5.75,clear sky
154,Cherskiy,RU,68.75,161.3,-9.76,95,100,8.66,overcast clouds
155,Bathsheba,BB,13.2167,-59.5167,78.04,79,8,14.63,clear sky
156,Plainview,US,40.7765,-73.4673,42.67,68,75,4.61,broken clouds
157,Comodoro Rivadavia,AR,-45.8667,-67.5,55.26,50,0,12.66,clear sky
158,Paamiut,GL,61.994,-49.6678,27.79,84,100,8.25,overcast clouds
159,Ancud,CL,-41.8697,-73.8203,52.81,66,95,6.33,overcast clouds
160,Cabo San Lucas,MX,22.8909,-109.9124,82.62,61,0,4.61,clear sky
161,Awjilah,LY,29.1081,21.2869,60.06,50,0,8.16,clear sky
162,Ilulissat,GL,69.2167,-51.1,21.22,73,75,5.75,broken clouds
163,Faya,SA,18.3851,42.4509,52.32,69,2,1.36,clear sky
164,Russell,US,32.3502,-85.1999,70.92,64,40,6.91,scattered clouds
165,Castro,BR,-24.7911,-50.0119,59.83,97,86,5.3,overcast clouds
166,Bouna,CI,9.2667,-3.0,82.89,47,93,3.22,overcast clouds
167,La Ronge,CA,55.1001,-105.2842,6.51,86,100,12.19,overcast clouds
168,Salalah,OM,17.0151,54.0924,75.29,83,20,5.75,few clouds
169,Hami,CN,42.8,93.45,7.97,24,0,2.04,clear sky
170,San Vicente,AR,-26.6167,-54.1333,70.79,75,50,6.76,scattered clouds
171,Ugoofaaru,MV,5.6667,73.0,80.2,74,59,2.28,broken clouds
172,Cururupu,BR,-1.8283,-44.8683,76.68,82,100,3.58,overcast clouds
173,Qaanaaq,GL,77.484,-69.3632,-16.62,81,15,5.61,few clouds
174,Hambantota,LK,6.1241,81.1185,74.91,84,95,10.27,overcast clouds
175,Balikpapan,ID,-1.2675,116.8289,77.99,94,20,4.61,few clouds
176,Verkhovye,RU,52.8119,37.2425,22.3,77,57,10.04,broken clouds
177,Isangel,VU,-19.55,169.2667,87.91,74,40,4.61,scattered clouds
178,Moree,AU,-29.4667,149.85,73.11,52,89,12.84,overcast clouds
179,Caravelas,BR,-17.7125,-39.2481,74.84,89,99,11.36,overcast clouds
180,Hasaki,JP,35.7333,140.8333,61.29,78,94,9.55,overcast clouds
181,Svetlyy,RU,54.675,20.1347,32.05,93,66,9.01,broken clouds
182,Iqaluit,CA,63.7506,-68.5145,-22.2,91,27,12.88,scattered clouds
183,Fort Nelson,CA,58.8053,-122.7002,-6.75,75,100,4.65,overcast clouds
184,Lichuan,CN,30.3,108.85,33.94,93,100,5.37,overcast clouds
185,Kushima,JP,31.4583,131.2333,63.27,89,97,7.96,overcast clouds
186,Oranjemund,NA,-28.55,16.4333,61.59,86,44,2.08,scattered clouds
187,Fairbanks,US,64.8378,-147.7164,-3.08,78,40,0.0,scattered clouds
188,El Cobre,CU,20.0489,-75.9469,78.89,70,88,3.44,overcast clouds
189,Cidreira,BR,-30.1811,-50.2056,70.95,87,28,15.32,scattered clouds
190,Musoma,TZ,-1.5,33.8,69.49,80,100,1.81,light rain
191,Urumqi,CN,43.801,87.6005,-6.65,71,0,2.24,clear sky
192,Wadi Maliz,TN,36.4681,8.5495,50.61,82,58,7.65,light rain
193,Bemban,MY,2.2684,102.3746,76.08,97,92,4.21,overcast clouds
194,Talnakh,RU,69.4865,88.3972,-15.34,100,84,6.08,broken clouds
195,Bassila,BJ,9.0081,1.6654,78.03,29,54,4.34,broken clouds
196,Zhigansk,RU,66.7697,123.3711,-43.44,99,60,4.45,broken clouds
197,Pisco,PE,-13.7,-76.2167,71.65,68,20,8.05,few clouds
198,Turukhansk,RU,65.8167,87.9833,-7.53,99,99,5.35,overcast clouds
199,Ati,TD,13.2154,18.3353,73.72,17,18,8.81,few clouds
200,Ahipara,NZ,-35.1667,173.1667,69.31,71,15,12.24,few clouds
201,Ohara,JP,35.25,140.3833,65.52,86,94,5.86,overcast clouds
202,Tsiroanomandidy,MG,-18.7667,46.0333,69.73,80,93,3.2,moderate rain
203,Naze,JP,28.3667,129.4833,65.73,85,100,21.25,light rain
204,Quatre Cocos,MU,-20.2078,57.7625,72.09,77,48,9.6,scattered clouds
205,Nichinan,JP,31.6,131.3667,64.56,88,99,1.14,light rain
206,Kahului,US,20.8947,-156.47,82.85,78,20,5.75,few clouds
207,Yuzhno-Kurilsk,RU,44.0306,145.8556,36.93,72,100,27.25,overcast clouds
208,Saint-Pierre,RE,-21.3393,55.4781,75.9,68,0,3.44,clear sky
209,Pangnirtung,CA,66.1451,-65.7125,-14.37,97,100,2.15,overcast clouds
210,Sangueya,GN,10.7,-14.3667,75.74,82,74,2.08,broken clouds
211,Qaqortoq,GL,60.7167,-46.0333,27.19,90,100,3.18,overcast clouds
212,Linfen,CN,36.0889,111.5189,23.31,10,55,1.83,broken clouds
213,Lom Sak,TH,16.7798,101.2422,73.83,90,100,2.08,overcast clouds
214,Ubinskoye,RU,55.3068,79.6802,-4.63,85,100,3.51,overcast clouds
215,Talakan,RU,50.3167,130.3667,-6.09,96,100,7.63,overcast clouds
216,Kavaratti,IN,10.5669,72.642,81.18,71,65,1.16,broken clouds
217,Artyom,AZ,40.4723,50.333,46.54,72,100,20.76,overcast clouds
218,Jijiga,ET,9.35,42.8,57.2,42,23,8.43,few clouds
219,Saint-Philippe,RE,-21.3585,55.7679,72.99,77,94,2.51,overcast clouds
220,Chapais,CA,49.7834,-74.8492,13.19,94,97,6.46,overcast clouds
221,Elizabeth City,US,36.2946,-76.2511,54.01,67,0,6.91,clear sky
222,Rockport,US,28.0206,-97.0544,84.09,85,0,13.8,clear sky
223,Coihaique,CL,-45.5752,-72.0662,55.35,41,20,8.05,few clouds
224,La Asuncion,VE,11.0333,-63.8628,77.7,83,14,12.24,few clouds
225,Grand Forks,US,47.9417,-97.4337,24.53,68,100,18.41,overcast clouds
226,Chimoio,MZ,-19.1164,33.4833,60.53,92,60,1.9,broken clouds
227,Namtsy,RU,62.7161,129.6658,-39.57,100,100,2.51,overcast clouds
228,Yenagoa,NG,4.9247,6.2642,76.78,86,77,3.87,broken clouds
229,Carnarvon,AU,-24.8667,113.6333,69.96,85,0,9.73,clear sky
230,Tiksi,RU,71.6872,128.8694,-29.97,100,58,2.46,broken clouds
231,Saint-Leu,RE,-21.15,55.2833,76.03,76,75,0.58,broken clouds
232,Muros,ES,42.7762,-9.0603,56.08,85,89,12.21,overcast clouds
233,Krasnyy Chikoy,RU,50.3643,108.7512,-0.18,90,100,14.5,overcast clouds
234,Yerbogachen,RU,61.2767,108.0108,-10.66,98,100,5.14,overcast clouds
235,Yaan,NG,7.3833,8.5667,77.49,27,17,2.93,few clouds
236,Faanui,PF,-16.4833,-151.75,79.36,77,18,12.75,light rain
237,Miramar,US,25.9873,-80.2323,81.0,71,0,12.66,clear sky
238,Shangrao,CN,28.4532,117.9686,44.6,88,100,13.4,overcast clouds
239,Tanggu,CN,39.0211,117.6469,13.96,25,0,14.61,clear sky
240,Norman Wells,CA,65.282,-126.8329,-22.54,99,92,1.54,overcast clouds
241,Fare,PF,-16.7,-151.0167,79.2,76,10,11.25,light rain
242,Vao,NC,-22.6667,167.4833,78.33,87,58,10.63,light rain
243,Mokhsogollokh,RU,61.4681,128.9203,-25.89,93,100,7.65,overcast clouds
244,Irtyshskiy,RU,58.3333,68.1333,0.75,85,100,7.34,overcast clouds
245,At-Bashi,KG,41.1702,75.8106,17.85,84,70,3.62,broken clouds
246,Vanimo,PG,-2.6741,141.3028,78.44,87,100,2.82,overcast clouds
247,Alekseyevskaya,RU,50.2896,42.1845,23.25,55,11,8.88,few clouds
248,Ternate,ID,0.8,127.4,79.7,81,100,4.25,overcast clouds
249,Nandigama,IN,16.7833,80.3,66.18,90,3,1.7,clear sky
250,Noumea,NC,-22.2763,166.4572,84.18,99,85,3.33,overcast clouds
251,Morant Bay,JM,17.8815,-76.4093,83.82,73,5,9.01,clear sky
252,Srednekolymsk,RU,67.45,153.6833,-15.39,97,100,11.97,overcast clouds
253,Camopi,GF,3.1655,-52.3158,72.59,96,83,2.77,light rain
254,Joshimath,IN,30.5667,79.5667,49.98,16,94,8.21,overcast clouds
255,Santa Cruz,BO,-17.8,-63.1667,91.45,40,75,13.8,broken clouds
256,Atambua,ID,-9.1061,124.8925,74.52,87,97,0.85,light rain
257,Fortuna,US,40.5982,-124.1573,53.92,60,0,4.61,clear sky
258,Guarapari,BR,-20.6667,-40.4975,72.81,94,100,11.41,overcast clouds
259,Marrakesh,MA,31.6315,-8.0083,60.87,39,0,5.75,clear sky
260,Gaptsakh,RU,41.4517,47.9303,34.99,91,100,1.43,overcast clouds
261,Yumen,CN,40.2833,97.2,2.23,76,100,4.63,overcast clouds
262,Kishtwar,IN,33.3167,75.7667,45.54,38,90,4.61,overcast clouds
263,Ponta Delgada,PT,37.7333,-25.6667,65.12,88,75,10.36,broken clouds
264,Lebu,CL,-37.6167,-73.65,59.22,89,100,13.94,overcast clouds
265,Port Elizabeth,ZA,-33.918,25.5701,69.31,87,40,8.99,scattered clouds
266,Victoria,HK,22.2855,114.1577,76.17,90,1,3.0,clear sky
267,Praia,CV,14.9215,-23.5087,73.94,78,20,14.97,few clouds
268,Vila Franca Do Campo,PT,37.7167,-25.4333,64.81,88,84,4.92,broken clouds
269,Buala,SB,-8.145,159.5921,81.63,77,100,4.29,light rain
270,Touros,BR,-5.1989,-35.4608,78.55,73,55,10.07,broken clouds
271,Biak,ID,-0.9131,122.8766,77.02,78,69,3.98,broken clouds
272,Tuatapere,NZ,-46.1333,167.6833,57.45,72,69,7.05,broken clouds
273,Los Llanos De Aridane,ES,28.6585,-17.9182,65.95,79,100,10.36,overcast clouds
274,Caconda,AO,-13.7333,15.0667,62.1,90,89,4.32,overcast clouds
275,Baykit,RU,61.67,96.37,-18.17,100,94,3.38,overcast clouds
276,Truth Or Consequences,US,33.1284,-107.2528,66.43,14,0,16.11,clear sky
277,Ostrovnoy,RU,68.0531,39.5131,25.61,93,60,10.96,broken clouds
278,Cuamba,MZ,-14.8031,36.5372,69.01,84,100,5.84,light rain
279,San Cristobal,VE,7.7669,-72.225,69.98,98,100,3.04,overcast clouds
280,Cairns,AU,-16.9167,145.7667,81.09,84,58,1.01,broken clouds
281,Dudinka,RU,69.4058,86.1778,-8.68,100,100,5.5,overcast clouds
282,San Luis,AR,-33.295,-66.3356,79.11,43,74,14.67,broken clouds
283,Maumere,ID,-8.6199,122.2111,79.41,80,60,4.16,broken clouds
284,Sao Joao Da Barra,BR,-21.6403,-41.0511,73.49,90,72,18.59,broken clouds
285,Esperance,AU,-33.8667,121.9,64.15,64,23,13.96,few clouds
286,Kokkola,FI,63.8385,23.1307,31.03,94,100,5.75,overcast clouds
287,Manggar,ID,-2.8833,108.2667,78.17,87,97,5.79,overcast clouds
288,Narsaq,GL,60.9167,-46.05,30.42,88,100,4.47,overcast clouds
289,Zhuanghe,CN,39.7008,122.9911,11.53,33,0,14.18,clear sky
290,Arrecife,ES,28.963,-13.5477,64.38,72,20,8.05,few clouds
291,Labuhan,ID,-6.8844,112.2051,77.27,85,100,10.69,overcast clouds
292,Keti Bandar,PK,24.1447,67.4497,72.45,24,0,9.62,clear sky
293,Hofn,IS,64.2539,-15.2082,44.24,84,100,5.97,overcast clouds
294,Hovd,MN,48.0056,91.6419,-7.47,71,0,2.98,clear sky
295,Kendari,ID,-3.945,122.4989,74.62,94,100,2.71,overcast clouds
296,Shamary,RU,57.3434,58.2199,7.45,98,98,1.83,overcast clouds
297,Hirtshals,DK,57.5881,9.9592,42.24,71,100,11.03,overcast clouds
298,Saldanha,ZA,-33.0117,17.9442,62.38,96,4,2.13,clear sky
299,Skegness,GB,53.1436,0.3363,44.02,91,7,5.75,clear sky
300,Manjacaze,MZ,-24.7117,33.8828,65.07,73,0,4.27,clear sky
301,Okhotsk,RU,59.3833,143.3,5.25,85,100,23.47,overcast clouds
302,Aykhal,RU,66.0,111.5,-1.26,97,100,11.61,light snow
303,Kumla,SE,59.1277,15.1434,37.35,93,75,4.61,mist
304,Soyo,AO,-6.1349,12.3689,75.6,91,100,10.29,moderate rain
305,Kampot,KH,10.6167,104.1833,77.05,90,78,2.68,broken clouds
306,Booue,GA,-0.0921,11.9385,73.09,94,100,2.01,light rain
307,Port Hardy,CA,50.6996,-127.4199,34.99,81,100,35.03,light snow
308,Corinth,GR,37.9407,22.9573,57.88,88,99,2.62,overcast clouds
309,Yarmouth,US,41.7057,-70.2286,41.97,82,100,1.99,overcast clouds
310,Salinopolis,BR,-0.6136,-47.3561,79.66,80,100,8.59,moderate rain
311,Hammerfest,NO,70.6634,23.6821,36.05,80,40,5.75,scattered clouds
312,Batagay,RU,67.6333,134.6333,-28.05,96,100,0.78,overcast clouds
313,Ponta Do Sol,PT,32.6667,-17.1,65.03,72,24,2.44,few clouds
314,Alyangula,AU,-13.8483,136.4192,81.1,76,100,7.74,overcast clouds
315,Saint Anthony,US,45.0205,-93.218,24.22,89,100,17.27,mist
316,Kostomuksha,RU,64.571,30.5767,25.25,96,100,3.62,overcast clouds
317,Garowe,SO,8.4054,48.4845,71.37,68,5,12.46,clear sky
318,Visby,SE,57.6409,18.296,36.05,93,100,3.44,overcast clouds
319,Matagami,CA,49.7502,-77.6328,23.11,74,100,18.41,overcast clouds
320,Pinerovka,RU,51.562,43.0689,22.46,62,6,6.29,clear sky
321,Vardo,NO,70.3705,31.1107,35.58,75,75,23.02,broken clouds
322,Port Lincoln,AU,-34.7333,135.8667,59.27,69,67,7.31,broken clouds
323,Jinji,CN,23.2281,110.8261,59.25,87,100,8.86,overcast clouds
324,Atoyac,MX,20.0167,-103.5333,80.96,33,60,3.74,broken clouds
325,Berlevag,NO,70.8578,29.0864,35.6,80,75,18.41,broken clouds
326,Abilene,US,32.4487,-99.7331,77.22,20,0,16.11,clear sky
327,Tairua,NZ,-37.0167,175.85,66.47,77,92,10.89,overcast clouds
328,Prainha,BR,-1.8,-53.48,76.62,88,100,3.0,light rain
329,Ormara,PK,25.2088,64.6357,74.97,59,0,5.77,clear sky
330,Hornepayne,CA,49.2138,-84.7705,35.87,86,100,11.36,light rain
331,Manthani,IN,18.65,79.6667,60.03,63,1,2.93,clear sky
332,Clyde River,CA,70.4692,-68.5914,-19.97,76,0,5.75,clear sky
333,Sioux Lookout,CA,50.1001,-91.917,19.47,73,100,2.3,overcast clouds
334,Cayenne,GF,4.9333,-52.3333,73.44,94,100,2.3,light rain
335,Praya,CV,14.9215,-23.5087,73.94,78,20,14.97,few clouds
336,Nouadhibou,MR,20.931,-17.0347,67.98,56,0,12.66,clear sky
337,Rocha,UY,-34.4833,-54.3333,71.51,68,11,13.24,few clouds
338,Samarai,PG,-10.6167,150.6667,82.54,75,97,5.7,overcast clouds
339,Tadine,NC,-21.55,167.8833,81.86,78,34,8.23,scattered clouds
340,Goderich,CA,43.7501,-81.7165,44.92,81,100,16.11,overcast clouds
341,Pogar,RU,52.554,33.2591,24.13,86,100,9.55,overcast clouds
342,Pampa,US,35.5362,-100.9599,35.64,69,100,21.85,overcast clouds
343,Dunedin,NZ,-45.8742,170.5036,55.8,85,100,17.0,overcast clouds
344,Cangucu,BR,-31.395,-52.6756,70.81,82,58,10.09,broken clouds
345,Fetesti,RO,44.3833,27.8333,40.55,82,99,12.3,overcast clouds
346,Dire,ML,12.2833,-10.9667,79.05,33,47,1.97,scattered clouds
347,Kalmunai,LK,7.4167,81.8167,73.78,85,81,6.49,broken clouds
348,Puro,PH,12.4841,123.3827,79.29,79,19,10.13,few clouds
349,Bonthe,SL,7.5264,-12.505,78.69,78,19,5.41,few clouds
350,Pedernales,DO,18.0384,-71.744,79.61,70,10,4.27,clear sky
351,Vostok,RU,46.4856,135.8833,-3.48,95,100,9.78,overcast clouds
352,Viedma,AR,-40.8135,-62.9967,74.39,28,95,11.07,overcast clouds
353,Terrace Bay,CA,48.7834,-87.1,36.28,98,100,20.11,overcast clouds
354,Lompoc,US,34.6391,-120.4579,66.02,58,0,10.36,clear sky
355,Oktyabrskoye,RU,43.0645,44.7417,34.57,91,99,4.76,overcast clouds
356,Taitung,TW,22.7583,121.1444,73.67,83,40,4.61,scattered clouds
357,Kruisfontein,ZA,-34.0033,24.7314,66.88,68,11,6.98,few clouds
358,Liuzhou,CN,24.3126,109.3892,52.79,81,100,17.67,overcast clouds
359,Svetlogorsk,BY,52.6333,29.7333,28.53,97,100,8.23,snow
360,Calama,CL,-22.4667,-68.9333,68.49,24,0,31.07,clear sky
361,Cortez,US,37.3489,-108.5859,29.16,31,0,11.5,clear sky
362,Isla Mujeres,MX,21.2311,-86.731,84.25,71,12,11.97,few clouds
363,Hermagor,AT,46.6272,13.3672,30.96,96,99,4.5,overcast clouds
364,Severobaykalsk,RU,55.65,109.3167,-13.7,83,42,5.55,scattered clouds
365,Tala,EG,30.6803,30.9429,57.16,81,5,2.55,clear sky
366,Egvekinot,RU,66.3167,-179.1667,25.12,100,100,7.14,overcast clouds
367,Orange Cove,US,36.6244,-119.3137,61.61,51,0,3.44,clear sky
368,Abha,SA,18.2164,42.5053,53.42,82,0,0.0,clear sky
369,Aqtobe,KZ,50.2797,57.2072,6.89,56,0,8.95,clear sky
370,Fenoarivo Atsinanana,MG,-17.3667,49.4167,74.55,84,62,3.91,light rain
371,Middelburg,ZA,-25.7751,29.4648,62.2,65,5,4.54,clear sky
372,Eirunepe,BR,-6.6603,-69.8736,80.67,75,100,2.98,overcast clouds
373,Kohtla-Jarve,EE,59.3986,27.2731,29.52,96,100,8.12,light snow
374,Opuwo,NA,-18.0607,13.84,75.0,41,94,8.25,overcast clouds
375,Shushenskoye,RU,53.325,91.9356,-10.44,97,45,1.28,scattered clouds
376,Kashi,CN,39.4547,75.9797,20.41,42,43,6.71,dust
377,Jardim,BR,-21.4803,-56.1381,81.64,51,30,4.21,scattered clouds
378,Kashan,IR,33.9831,51.4364,53.19,40,0,2.3,clear sky
379,Ankang,CN,32.68,109.0172,33.28,71,100,5.82,light snow
380,Saint George,US,37.1041,-113.5841,52.25,22,0,3.44,clear sky
381,Buraydah,SA,26.326,43.975,68.45,27,100,10.16,overcast clouds
382,Hualmay,PE,-11.0964,-77.6139,70.61,75,41,10.0,scattered clouds
383,Makat,KZ,47.6469,53.3463,24.15,38,0,12.01,clear sky
384,Cervo,ES,43.6702,-7.4101,53.96,78,100,6.02,overcast clouds
385,Baruun-Urt,MN,46.6806,113.2792,-4.65,72,89,15.9,overcast clouds
386,Brae,GB,60.3964,-1.353,46.2,84,38,8.99,scattered clouds
387,Statesboro,US,32.4488,-81.7832,71.13,49,40,3.44,scattered clouds
388,Lazurne,UA,46.084,32.5295,43.95,70,98,23.44,overcast clouds
389,Aspindza,GE,41.5739,43.2483,41.47,70,100,6.29,overcast clouds
390,Sao Felix Do Xingu,BR,-6.6447,-51.995,71.8,99,100,0.63,overcast clouds
391,Mao,ES,39.8885,4.2658,54.16,58,20,18.41,few clouds
392,Kieta,PG,-6.2167,155.6333,82.4,77,96,5.17,light rain
393,Namatanai,PG,-3.6667,152.4333,83.62,69,91,3.15,overcast clouds
394,Warrnambool,AU,-38.3833,142.4833,57.27,74,95,6.44,overcast clouds
395,Erzin,TR,36.9559,36.2,57.96,74,100,6.15,overcast clouds
396,Arlit,NE,18.7369,7.3853,70.3,22,4,7.07,clear sky
397,Weligama,LK,5.9667,80.4167,75.02,88,57,3.71,broken clouds
398,Portobelo,PA,9.55,-79.65,78.04,87,100,4.23,moderate rain
399,Caucaia,BR,-3.7361,-38.6531,81.03,75,20,6.91,few clouds
400,Charters Towers,AU,-20.1,146.2667,72.97,88,100,10.54,overcast clouds
401,Zlobin,HR,45.2924,14.6541,34.9,65,0,16.11,clear sky
402,Karachev,RU,53.1229,34.9852,21.0,82,100,10.07,overcast clouds
403,Mocajuba,BR,-2.5842,-49.5072,76.44,86,100,6.26,overcast clouds
404,Kupang,ID,-10.1667,123.5833,75.78,100,20,2.3,few clouds
405,Yelizovo,RU,53.1873,158.3805,19.54,93,100,4.47,light shower snow
406,Mollendo,PE,-17.0231,-72.0147,67.51,84,97,5.41,overcast clouds
407,Bjelovar,HR,45.8986,16.8489,38.89,78,100,7.58,overcast clouds
408,Samandag,TR,36.0842,35.9771,55.92,90,100,12.64,overcast clouds
409,Hatillo,PR,18.4863,-66.8254,81.09,82,14,7.0,few clouds
410,Tura,IN,25.5198,90.2201,61.45,87,0,3.47,clear sky
411,Bad Vilbel,DE,50.1787,8.7376,46.36,99,99,2.89,overcast clouds
412,Victor Harbor,AU,-35.5667,138.6167,61.0,69,62,7.11,broken clouds
413,Novopokrovka,UA,49.8425,36.5477,28.0,47,96,14.07,overcast clouds
414,Satipo,PE,-11.2522,-74.6386,81.5,64,98,2.66,overcast clouds
415,Kutum,SD,14.2,24.6667,69.31,22,17,8.88,few clouds
416,Taoudenni,ML,22.6783,-3.9836,66.4,18,26,11.27,scattered clouds
417,Airai,TL,-8.9266,125.4092,61.11,89,93,1.23,overcast clouds
418,Gari,RU,59.4307,62.3497,1.2,98,96,1.63,overcast clouds
419,Oranjestad,AW,12.524,-70.027,82.35,77,40,14.97,scattered clouds
420,Kyra,RU,49.5776,111.9753,-5.33,67,98,16.8,overcast clouds
421,Pitanga,BR,-24.7572,-51.7614,63.0,96,100,6.15,moderate rain
422,Yar-Sale,RU,66.8333,70.8333,-0.54,100,96,1.63,overcast clouds
423,Toamasina,MG,-18.1667,49.3833,75.06,79,40,5.86,scattered clouds
424,Inuvik,CA,68.3499,-133.7218,-12.14,77,100,4.61,overcast clouds
425,Neiafu,TO,-18.65,-173.9833,83.08,83,75,11.5,broken clouds
426,Faro,PT,37.0194,-7.9322,55.18,76,0,5.75,clear sky
427,Ucar,AZ,40.519,47.6542,50.18,83,100,4.38,overcast clouds
428,Araouane,ML,18.9048,-3.5265,70.65,16,100,9.37,overcast clouds
429,Tazovskiy,RU,67.4667,78.7,-4.2,100,73,4.74,broken clouds
430,Soto La Marina,MX,23.7667,-98.2167,87.58,58,30,12.91,scattered clouds
431,Mangai,CD,-4.05,19.5333,67.08,99,100,1.68,overcast clouds
432,Kubinka,RU,55.5839,36.69,12.2,92,53,4.07,broken clouds
433,Petropavlovsk-Kamchatskiy,RU,53.0452,158.6483,18.19,93,100,4.47,light shower snow
434,Mitsamiouli,KM,-11.3847,43.2844,77.7,79,74,8.46,broken clouds
435,Hay River,CA,60.8156,-115.7999,-14.82,70,40,11.5,scattered clouds
436,Sonoita,MX,31.85,-112.8333,65.62,39,0,3.58,clear sky
437,Ixtapa,MX,20.7,-105.2,78.03,65,40,9.22,scattered clouds
438,Leningradskiy,RU,69.3833,178.4167,22.35,80,100,8.63,overcast clouds
439,Chapleau,CA,47.8405,-83.4034,35.69,80,100,6.91,overcast clouds
440,Almaznyy,RU,48.0448,40.045,25.45,51,78,18.1,broken clouds
441,Mizan Teferi,ET,6.9833,35.5833,61.3,83,17,3.15,few clouds
442,Bowen,AU,-20.0167,148.2333,76.37,87,100,5.01,overcast clouds
443,Gorgan,IR,36.8387,54.4348,42.76,87,0,0.0,clear sky
444,The Valley,AI,18.217,-63.0578,80.46,73,20,8.05,few clouds
445,Santa Maria Del Oro,MX,25.9333,-105.3667,74.61,11,94,16.42,overcast clouds
446,Tiznit,MA,29.5833,-9.5,61.79,36,0,3.42,clear sky
447,Traverse City,US,44.7631,-85.6206,48.27,79,100,19.57,overcast clouds
448,Road Town,VG,18.4167,-64.6167,80.69,78,40,6.91,scattered clouds
449,Ayr,GB,55.4627,-4.6339,42.78,87,40,6.91,scattered clouds
450,Mareeba,AU,-17.0,145.4333,76.46,97,82,1.77,broken clouds
451,Diego De Almagro,CL,-26.3667,-70.05,70.36,40,0,10.36,clear sky
452,Laguna,US,38.421,-121.4238,61.29,36,0,5.75,clear sky
453,Langtad,PH,10.1857,123.7344,80.44,88,67,9.78,light rain
454,Nioro,GM,13.35,-15.75,73.98,42,93,6.62,overcast clouds
455,Peleduy,RU,59.6289,112.7406,-13.4,96,100,7.81,overcast clouds
456,Port Hedland,AU,-20.3167,118.5667,80.65,83,100,5.75,overcast clouds
457,Souillac,MU,-20.5167,57.5167,70.18,88,40,4.61,light intensity shower rain
458,Obodivka,UA,48.4051,29.2477,33.53,99,100,7.67,light snow
459,Manzhouli,CN,49.6,117.4333,-13.67,86,38,14.56,scattered clouds
460,Udachnyy,RU,66.4167,112.4,-1.55,76,100,14.03,overcast clouds
461,Roma,US,43.2128,-75.4557,38.82,73,100,8.05,overcast clouds
462,Champerico,GT,14.3,-91.9167,75.74,77,90,3.0,moderate rain
463,Haverfordwest,GB,51.8017,-4.9691,46.06,94,100,1.99,overcast clouds
464,Acapulco,MX,16.8634,-99.8901,82.22,74,100,3.44,overcast clouds
465,Dakar,SN,14.6937,-17.4441,75.33,78,55,0.0,broken clouds
466,Flin Flon,CA,54.7682,-101.865,3.04,66,100,12.66,light snow
467,Nalut,LY,30.3333,10.85,50.43,59,0,9.13,clear sky
468,Omsukchan,RU,62.5333,155.8,-30.28,99,58,2.62,broken clouds
469,Izoplit,RU,56.6256,36.222,12.07,94,77,3.69,broken clouds
470,Lagoa,PT,39.05,-27.9833,62.13,82,92,11.77,overcast clouds
471,Nagato,JP,34.3833,131.2,52.25,69,100,20.04,moderate rain
472,Port Blair,IN,11.6667,92.75,79.48,84,27,5.08,scattered clouds
473,Bressanone,IT,46.715,11.656,36.23,96,98,2.26,overcast clouds
474,Healdsburg,US,38.6105,-122.8692,63.1,37,0,4.61,clear sky
475,Asau,RO,46.4333,26.4,33.28,95,100,2.35,overcast clouds
476,Puerto Escondido,MX,15.85,-97.0667,83.23,57,40,6.91,scattered clouds
477,Ibra,OM,22.6906,58.5334,70.11,35,0,4.14,clear sky
478,Seabra,BR,-12.4186,-41.7703,67.84,93,99,5.35,overcast clouds
479,Tabatinga,BR,-4.2525,-69.9381,86.09,70,75,4.61,broken clouds
480,Galle,LK,6.0367,80.217,77.14,83,55,3.56,broken clouds
481,Galbshtadt,RU,53.2264,78.9845,-5.3,88,100,6.2,overcast clouds
482,Sibolga,ID,1.7427,98.7792,75.52,86,100,2.17,overcast clouds
483,Enid,US,36.3956,-97.8784,39.36,65,100,24.16,overcast clouds
484,Port Macquarie,AU,-31.4333,152.9167,69.89,52,43,7.23,scattered clouds
485,Leh,IN,34.1667,77.5833,19.65,52,99,1.59,overcast clouds
486,Kushiro,JP,42.975,144.3747,41.95,75,40,8.05,scattered clouds
487,Altay,CN,47.8667,88.1167,-3.66,50,2,7.63,clear sky
488,Mayo,US,38.8876,-76.5119,49.95,73,0,9.22,clear sky
489,Port Shepstone,ZA,-30.7414,30.455,68.7,75,0,22.91,clear sky
490,Bozoum,CF,6.3193,16.3799,73.18,34,100,2.91,overcast clouds
491,Port Hueneme,US,34.1478,-119.1951,72.07,59,0,16.11,clear sky
492,Port Moresby,PG,-9.4431,147.1797,80.31,76,92,2.84,overcast clouds
493,West Bay,KY,19.3667,-81.4167,84.27,77,20,10.36,few clouds
494,Evans,US,33.5337,-82.1307,68.04,59,0,4.61,clear sky
495,Holguin,CU,20.8872,-76.2631,78.98,65,42,12.37,scattered clouds
496,Blatnica,BA,44.4864,17.8233,35.13,92,100,2.26,overcast clouds
497,Lalin,ES,42.7167,-8.1167,46.81,94,57,3.69,broken clouds
498,Alghero,IT,40.5589,8.3181,46.49,100,0,2.3,clear sky
499,Amol,IR,36.4696,52.3507,54.46,79,100,2.82,overcast clouds
500,Rapid Valley,US,44.0625,-103.1463,25.59,43,0,23.02,clear sky
501,Taltal,CL,-25.4,-70.4833,64.36,77,35,4.36,scattered clouds
502,Xining,CN,36.6167,101.7667,9.21,46,100,2.37,overcast clouds
503,Khujner,IN,23.7833,76.6,59.88,42,100,5.06,overcast clouds
504,Qasigiannguit,GL,68.8193,-51.1922,21.45,80,16,6.42,few clouds
505,Puerto Montt,CL,-41.4698,-72.9447,58.03,72,75,8.05,broken clouds
506,Digby,CA,44.6169,-65.7655,30.58,56,16,5.79,few clouds
507,Ngunguru,NZ,-35.6167,174.5,71.04,62,71,11.27,broken clouds
508,Lorengau,PG,-2.0226,147.2712,84.43,67,74,5.99,broken clouds
509,Port Hawkesbury,CA,45.6169,-61.3485,31.8,73,100,11.01,overcast clouds
510,Fengzhen,CN,40.4394,113.1536,0.93,31,0,7.78,clear sky
511,Fukue,JP,32.6881,128.8419,53.15,75,100,32.12,light rain
512,Wuwei,CN,37.9281,102.6414,4.62,78,91,2.08,overcast clouds
513,Tarkwa,GH,5.3064,-1.9847,74.35,92,63,1.97,broken clouds
514,Ulaangom,MN,49.9811,92.0667,-16.24,91,80,4.27,broken clouds
515,Pochutla,MX,15.7432,-96.4661,85.82,59,64,6.22,broken clouds
516,Mkushi,ZM,-13.6202,29.3939,61.95,98,61,4.99,broken clouds
517,Nurota,UZ,40.5614,65.6886,41.41,73,11,6.67,few clouds
518,Mackay,AU,-21.15,149.2,76.68,93,100,3.02,light rain
519,Kavieng,PG,-2.5744,150.7967,83.52,64,98,2.98,overcast clouds
520,Kloulklubed,PW,7.0419,134.2556,79.3,76,82,19.95,broken clouds
521,Progreso,MX,21.2833,-89.6667,89.71,63,35,13.69,scattered clouds
522,Pasighat,IN,28.0667,95.3333,61.47,55,0,4.27,clear sky
523,U Thong,TH,14.3751,99.8923,75.67,93,99,1.52,overcast clouds
524,Aripuana,BR,-9.1667,-60.6333,83.68,57,83,0.47,broken clouds
525,Fethiye,TR,36.6217,29.1164,55.27,70,44,4.61,scattered clouds
526,Obidos,BR,-1.9175,-55.5181,77.83,83,89,1.99,overcast clouds
527,Zeerust,ZA,-25.5369,26.0751,66.4,62,41,1.61,scattered clouds
528,North Platte,US,41.1239,-100.7654,24.69,62,75,18.41,broken clouds
529,Kambam,ID,5.2505,96.8629,77.56,82,100,3.2,overcast clouds
530,Indian Head,US,38.6001,-77.1622,52.25,67,0,12.66,clear sky
531,Nantucket,US,41.2835,-70.0995,44.71,75,0,3.44,clear sky
532,Kommunar,RU,59.6206,30.39,26.44,95,100,5.14,overcast clouds
533,Calvillo,MX,21.85,-102.7167,77.94,22,100,10.56,overcast clouds
534,Trojes,AL,41.756,19.962,47.57,77,100,7.61,overcast clouds
535,College,US,64.8569,-147.8028,-4.11,79,75,0.0,broken clouds
536,Pimentel,PE,-6.8367,-79.9342,75.49,60,0,18.41,clear sky
537,Dryden,CA,49.7833,-92.7503,19.69,73,100,3.44,overcast clouds
538,Hvittingfoss,NO,59.4833,10.0167,37.56,43,100,2.57,overcast clouds
539,Soe,ID,-9.8607,124.284,66.9,91,93,2.95,overcast clouds
540,Yekaterinoslavka,RU,50.3734,129.1139,-7.83,96,100,10.29,overcast clouds
541,Zwedru,LR,6.0667,-8.1281,73.85,93,99,2.98,overcast clouds
542,Ocosingo,MX,17.0667,-92.25,67.3,95,92,1.05,light rain
543,Marsh Harbour,BS,26.5412,-77.0636,76.87,72,21,17.56,few clouds
544,Chissamba,AO,-12.1667,17.3333,62.22,96,81,5.23,light rain
545,Margate,GB,51.3813,1.3862,46.69,92,92,4.0,overcast clouds
546,Gigmoto,PH,13.7796,124.39,81.36,81,54,9.82,broken clouds
547,Khash,IR,28.2211,61.2158,50.63,37,38,3.56,scattered clouds
548,Constitucion,CL,-35.3333,-72.4167,62.2,71,35,17.45,scattered clouds
549,Elk Point,US,42.6833,-96.6836,22.84,64,100,17.76,overcast clouds
550,Kutulik,RU,53.3508,102.7839,1.94,91,100,15.28,overcast clouds
551,Grand Gaube,MU,-20.0064,57.6608,72.37,75,29,1.99,scattered clouds
552,Ketchikan,US,55.3422,-131.6461,27.07,33,75,11.5,broken clouds
553,Vila Velha,BR,-20.3297,-40.2925,73.35,94,100,12.66,mist
554,Kindu,CD,-2.95,25.95,67.8,97,99,2.13,overcast clouds
555,Palm Coast,US,29.585,-81.2078,73.49,82,0,6.91,clear sky
556,Santiago De Las Vegas,CU,22.97,-82.3869,79.72,74,28,15.01,scattered clouds
557,Palembang,ID,-2.9167,104.7458,75.29,94,40,4.61,mist
558,Shitanjing,CN,39.2342,106.3439,0.52,26,4,2.93,clear sky
559,Nuoro,IT,40.3211,9.3297,42.66,93,100,2.71,light rain
560,Saint-Francois,FR,46.4154,3.9054,42.24,100,100,4.61,overcast clouds
561,Pailon,BO,-17.65,-62.75,92.88,20,53,6.76,broken clouds
562,Akyab,MM,20.15,92.9,76.21,89,12,6.24,few clouds
563,Menongue,AO,-14.6585,17.691,68.81,65,91,7.61,overcast clouds
564,Port Augusta,AU,-32.5,137.7667,64.96,54,21,9.17,few clouds
565,Vigrestad,NO,58.5667,5.7,43.59,88,99,17.96,overcast clouds
566,Maldonado,UY,-34.6667,-54.9167,79.99,57,34,14.9,scattered clouds
567,Talara,PE,-4.5772,-81.2719,74.16,68,0,19.57,clear sky
568,Verkhoyansk,RU,67.5447,133.385,-26.86,96,100,0.54,overcast clouds
569,Wanning,CN,18.8003,110.3967,75.06,88,12,0.22,few clouds
570,Kyzyl-Suu,KG,42.3414,78.0056,29.39,66,73,9.8,broken clouds
571,Mindelo,CV,16.8901,-24.9804,74.75,64,40,14.97,scattered clouds
572,Klamath Falls,US,42.2249,-121.7817,36.88,59,0,8.05,clear sky
573,Perth,AU,-31.9333,115.8333,82.58,30,0,13.8,light intensity shower rain
574,Coxim,BR,-18.5067,-54.76,89.85,27,86,6.13,overcast clouds
575,Alvand,IR,36.3187,49.1678,36.95,93,100,4.36,overcast clouds
576,Cockburn Town,TC,21.4612,-71.1419,80.62,71,24,18.84,few clouds
577,Baraolt,RO,46.0751,25.6003,34.75,90,57,4.0,broken clouds
578,Port-Gentil,GA,-0.7193,8.7815,76.96,94,20,2.3,few clouds
579,Saint-Augustin,CA,51.226,-58.6502,11.34,77,5,15.66,clear sky
580,Virden,US,39.5009,-89.7679,57.67,86,71,19.55,broken clouds
581,Ebetsu,JP,43.1081,141.5506,37.49,50,75,14.97,light shower snow
582,Marawi,PH,7.9986,124.2928,67.55,93,100,1.19,overcast clouds
583,Pocoes,BR,-14.5297,-40.3653,67.66,95,100,3.09,overcast clouds
584,Bo Phloi,TH,14.3236,99.5161,75.45,90,100,2.68,overcast clouds
585,Coquimbo,CL,-29.9533,-71.3436,64.13,77,75,6.91,broken clouds
586,Khandyga,RU,62.6667,135.6,-33.18,97,100,0.87,overcast clouds
587,Erenhot,CN,43.6475,111.9767,2.34,58,0,19.39,clear sky
588,Riyadh,SA,24.6877,46.7219,62.74,31,100,7.58,overcast clouds
589,Saint-Denis,FR,48.9167,2.3333,45.99,95,100,4.61,mist
590,Yining,CN,29.0361,114.5636,39.31,91,100,8.01,overcast clouds
591,Paracuru,BR,-3.41,-39.0306,80.11,79,83,9.26,broken clouds
592,Phayao,TH,19.25,100.25,68.79,98,96,0.69,overcast clouds
593,San Jeronimo,PE,-11.9472,-75.2829,55.58,69,52,12.93,broken clouds
594,Yulara,AU,-25.2406,130.9889,69.87,32,0,14.05,clear sky
595,Ceska Ves,CZ,50.2574,17.2281,34.41,82,100,4.25,overcast clouds
596,Tyup,KG,42.7276,78.3648,31.8,83,90,1.9,overcast clouds
597,San Juan,AR,-31.5375,-68.5364,95.67,19,6,9.24,clear sky
598,Salinas,US,36.6777,-121.6555,62.8,54,0,6.91,clear sky
599,Abancay,PE,-13.6339,-72.8814,64.49,67,78,6.31,broken clouds
600,Lake City,US,30.1897,-82.6393,76.71,60,75,3.44,broken clouds
601,Aksha,RU,50.2814,113.2867,-4.36,70,100,14.76,overcast clouds
602,Garachine,PA,8.0647,-78.3628,78.33,85,98,9.66,overcast clouds
603,Tilichiki,RU,60.4667,166.1,16.27,92,100,7.43,overcast clouds
604,North Branch,US,45.5113,-92.9802,24.94,95,100,11.92,light snow
605,Qixia,CN,37.2975,120.8256,21.67,59,35,19.39,scattered clouds
606,Revin,FR,49.9404,4.635,42.12,96,24,2.62,few clouds
607,Whitecourt,CA,54.1502,-115.6855,4.24,66,100,0.0,overcast clouds
608,Kaniama,CD,-7.5667,24.1833,63.68,96,100,1.81,overcast clouds
609,Inhambane,MZ,-23.865,35.3833,69.42,67,30,8.93,scattered clouds
610,Beringovskiy,RU,63.05,179.3167,29.8,96,100,5.46,overcast clouds
611,Rio Grande,BR,-32.035,-52.0986,75.31,84,11,14.67,few clouds
612,Vilhena,BR,-12.7406,-60.1458,68.22,94,75,0.74,light rain
613,Fort Wellington,GY,6.4,-57.6,77.54,83,100,9.22,overcast clouds
614,Salvador,SV,13.8333,-88.9167,82.44,68,83,1.83,broken clouds
615,Bilma,NE,18.6853,12.9164,64.13,38,51,6.6,broken clouds
616,Premia De Mar,ES,41.4921,2.3652,57.31,77,37,3.0,scattered clouds
617,Hengshui,CN,37.7322,115.7011,16.34,24,41,4.25,scattered clouds
618,Half Moon Bay,US,37.4636,-122.4286,60.8,49,0,12.66,clear sky
619,Waipawa,NZ,-41.4122,175.5153,64.85,58,83,17.65,broken clouds
620,Seoul,KR,37.5683,126.9778,22.44,53,0,13.8,clear sky
621,Sibenik,HR,43.7272,15.9058,47.86,60,100,10.0,overcast clouds
622,Amapa,BR,1.0,-52.0,75.07,91,92,2.82,overcast clouds
623,Thibodaux,US,29.7958,-90.8229,80.58,88,1,7.0,clear sky
624,Mahibadhoo,MV,3.7833,72.9667,80.08,69,98,3.44,overcast clouds
625,Ilhabela,BR,-23.7781,-45.3581,71.17,96,100,1.99,overcast clouds
626,Guijalo,PH,13.7373,123.868,79.65,83,43,3.96,scattered clouds
627,Cabatuan,PH,10.8794,122.486,76.15,91,35,10.96,light rain
628,Kokoda,PG,-8.8785,147.7407,79.52,81,100,1.97,overcast clouds
629,Smoky Lake,CA,54.1169,-112.4686,5.72,78,100,8.05,overcast clouds
630,Kilindoni,TZ,-7.9139,39.6668,79.02,80,40,8.7,scattered clouds
631,Rudnya,RU,54.947,31.0934,24.49,90,100,8.9,overcast clouds
632,Andenes,NO,69.3143,16.1194,39.92,75,75,4.61,broken clouds
633,Tucuman,AR,-26.8241,-65.2226,87.8,42,75,9.22,light rain
634,Tyukalinsk,RU,55.8732,72.1967,-7.15,89,21,5.95,few clouds
635,Botshabelo,ZA,-29.2702,26.7052,65.57,61,17,6.38,few clouds
636,Vestmannaeyjar,IS,63.4427,-20.2734,45.9,91,100,38.63,overcast clouds
637,Ust-Katav,RU,54.9369,58.1656,5.67,93,97,1.54,overcast clouds
638,Labuan,MY,5.2767,115.2417,77.36,94,20,0.0,few clouds
639,Siteki,SZ,-26.45,31.95,68.0,83,82,4.61,broken clouds
640,Gairo,IT,39.8497,9.5047,43.81,86,100,4.61,overcast clouds
641,Gelemso,ET,8.8167,40.5167,59.07,37,9,3.09,clear sky
642,Valparaiso,CL,-33.0393,-71.6273,64.63,82,100,6.91,overcast clouds
643,Carmen,MX,18.6333,-91.8333,86.04,66,40,8.05,scattered clouds
644,Solnechnyy,RU,50.7214,136.6319,3.65,96,100,2.33,overcast clouds
645,Mamou,GN,10.5,-12.0,75.56,57,97,1.88,overcast clouds
646,Tullow,IE,52.8003,-6.7369,47.12,86,99,6.89,overcast clouds
647,Villa Guerrero,MX,18.8667,-99.65,75.27,57,100,3.74,overcast clouds
648,Antipovka,RU,49.8299,45.3122,22.51,51,2,8.05,clear sky
649,Belmonte,BR,-15.8631,-38.8828,76.24,90,100,4.32,overcast clouds
650,Manaure,CO,11.7751,-72.4445,81.61,67,100,12.39,overcast clouds
651,Oksfjord,NO,70.2396,22.3479,37.58,80,81,8.66,broken clouds
652,Verkh-Usugli,RU,52.7,115.1667,-20.92,87,16,4.34,few clouds
653,Barra Dos Coqueiros,BR,-10.9089,-37.0386,75.22,88,100,6.91,moderate rain
654,Charlestown,AU,-32.95,151.6667,71.02,58,1,3.0,clear sky
655,Arrifes,PT,37.7667,-25.7,62.24,94,75,8.05,broken clouds
656,Bambanglipuro,ID,-7.95,110.2833,77.47,84,100,5.77,light rain
657,Baghdad,IQ,33.3406,44.4009,67.91,60,0,12.66,clear sky
658,Uglegorsk,RU,49.0833,142.0333,16.48,69,100,19.66,overcast clouds
659,Ouallam,NE,14.3188,2.0866,75.49,18,9,9.37,clear sky
660,Weihai,CN,37.5017,122.1136,29.71,64,100,25.86,overcast clouds
661,Quartz Hill,US,34.6453,-118.2181,60.31,33,0,8.05,clear sky
662,Oriximina,BR,-1.7656,-55.8661,78.46,80,99,2.1,overcast clouds
663,Gbadolite,CD,4.2833,21.0167,73.98,82,84,3.15,broken clouds
664,Sonepur,IN,20.8333,83.9167,61.63,69,0,0.13,clear sky
665,Voh,NC,-20.9667,164.7,89.29,54,80,1.59,broken clouds
666,Nishihara,JP,26.1842,127.7558,72.68,94,75,24.16,broken clouds
667,Iconha,BR,-20.7931,-40.8111,72.43,96,100,7.61,overcast clouds
668,Ayan,RU,56.45,138.1667,-10.08,95,100,27.54,overcast clouds
669,Gemena,CD,3.25,19.7667,71.06,96,85,2.57,overcast clouds
670,Liezen,AT,47.5667,14.2333,32.99,88,85,4.32,overcast clouds
671,Senador Jose Porfirio,BR,-2.5908,-51.9542,74.84,94,100,10.27,overcast clouds
672,Patnanungan,PH,14.7833,122.1833,81.0,83,87,12.86,overcast clouds
673,Lavrentiya,RU,65.5833,-171.0,28.17,97,100,11.68,light snow
674,Trapani,IT,37.8333,12.6667,52.27,87,40,5.75,scattered clouds
675,Tagusao,PH,9.1924,117.8141,79.34,84,96,4.21,overcast clouds
676,Bereda,ES,43.2686,-7.5406,45.57,98,88,2.3,overcast clouds
677,Gualaceo,EC,-2.9,-78.7833,67.66,85,98,3.15,light rain
678,Tobetsu,JP,43.2169,141.5169,37.09,93,75,14.97,light shower snow
679,Moranbah,AU,-22.0016,148.0466,67.15,97,100,14.5,overcast clouds
